dataset,oversampling,classifier,fold,n_splits,oversample_time,train_time,n_resampled,minority_ratio,AUC,PR_AUC,F1,Precision,Recall,gc_best_k,gc_cluster_sizes,gc_cluster_n_syn
pima_diabetes,G-CTGAN,RF,0,5,11.564868927001953,0.2647817134857178,800,0.5,0.8418518518518519,0.6927484035559635,0.7027027027027027,0.6842105263157895,0.7222222222222222,4,"[55, 28, 57, 74]","[48, 24, 50, 64]"
pima_diabetes,G-CTGAN,LGBM,0,5,11.564868927001953,0.06899881362915039,800,0.5,0.8303703703703704,0.6443894304252223,0.6666666666666666,0.6491228070175439,0.6851851851851852,4,"[55, 28, 57, 74]","[48, 24, 50, 64]"
pima_diabetes,G-CTGAN,MLP,0,5,11.564868927001953,0.9270007610321045,800,0.5,0.7338888888888889,0.5475975886423912,0.5785123966942148,0.5223880597014925,0.6481481481481481,4,"[55, 28, 57, 74]","[48, 24, 50, 64]"
pima_diabetes,G-CTGAN,RF,1,5,10.833510398864746,0.2680070400238037,800,0.5,0.8616666666666667,0.7503794256062342,0.7155963302752294,0.7090909090909091,0.7222222222222222,5,"[14, 14, 105, 21, 60]","[12, 12, 92, 18, 52]"
pima_diabetes,G-CTGAN,LGBM,1,5,10.833510398864746,0.06100034713745117,800,0.5,0.8507407407407407,0.7093013300869426,0.7454545454545455,0.7321428571428571,0.7592592592592593,5,"[14, 14, 105, 21, 60]","[12, 12, 92, 18, 52]"
pima_diabetes,G-CTGAN,MLP,1,5,10.833510398864746,1.1082830429077148,800,0.5,0.7972222222222222,0.6388477951623761,0.6226415094339622,0.6346153846153846,0.6111111111111112,5,"[14, 14, 105, 21, 60]","[12, 12, 92, 18, 52]"
pima_diabetes,G-CTGAN,RF,2,5,18.167128801345825,0.27701568603515625,800,0.5,0.8235185185185185,0.6905303533133766,0.6491228070175439,0.6166666666666667,0.6851851851851852,9,"[60, 36, 24, 11, 33, 12, 7, 26, 5]","[52, 31, 21, 10, 29, 10, 6, 23, 4]"
pima_diabetes,G-CTGAN,LGBM,2,5,18.167128801345825,0.04999899864196777,800,0.5,0.8038888888888889,0.6840268218894613,0.6605504587155964,0.6545454545454545,0.6666666666666666,9,"[60, 36, 24, 11, 33, 12, 7, 26, 5]","[52, 31, 21, 10, 29, 10, 6, 23, 4]"
pima_diabetes,G-CTGAN,MLP,2,5,18.167128801345825,0.9770004749298096,800,0.5,0.7414814814814815,0.6375896320976389,0.5691056910569106,0.5072463768115942,0.6481481481481481,9,"[60, 36, 24, 11, 33, 12, 7, 26, 5]","[52, 31, 21, 10, 29, 10, 6, 23, 4]"
pima_diabetes,G-CTGAN,RF,3,5,7.2020368576049805,0.2653987407684326,800,0.5,0.7971698113207547,0.6574648318375803,0.6238532110091743,0.6071428571428571,0.6415094339622641,3,"[131, 20, 64]","[113, 17, 55]"
pima_diabetes,G-CTGAN,LGBM,3,5,7.2020368576049805,0.06454253196716309,800,0.5,0.7922641509433963,0.6310460290750946,0.6542056074766355,0.6481481481481481,0.660377358490566,3,"[131, 20, 64]","[113, 17, 55]"
pima_diabetes,G-CTGAN,MLP,3,5,7.2020368576049805,0.987421989440918,800,0.5,0.7869811320754717,0.6818626479413572,0.6181818181818182,0.5964912280701754,0.6415094339622641,3,"[131, 20, 64]","[113, 17, 55]"
pima_diabetes,G-CTGAN,RF,4,5,8.960050106048584,0.26579976081848145,800,0.5,0.7820754716981132,0.6283306996407718,0.6260869565217392,0.5806451612903226,0.6792452830188679,4,"[14, 57, 66, 78]","[12, 49, 57, 67]"
pima_diabetes,G-CTGAN,LGBM,4,5,8.960050106048584,0.054000139236450195,800,0.5,0.7809433962264152,0.6319654011385126,0.5510204081632653,0.6,0.5094339622641509,4,"[14, 57, 66, 78]","[12, 49, 57, 67]"
pima_diabetes,G-CTGAN,MLP,4,5,8.960050106048584,0.9763503074645996,800,0.5,0.7277358490566038,0.5133162118833197,0.5666666666666667,0.5074626865671642,0.6415094339622641,4,"[14, 57, 66, 78]","[12, 49, 57, 67]"
credit_default,G-CTGAN,RF,0,5,66.07302904129028,0.8219990730285645,37384,0.5,0.7817133796315398,0.5523415346309214,0.48487758041286605,0.6688741721854304,0.3802710843373494,10,"[442, 348, 758, 180, 828, 801, 356, 20, 1202, 373]","[1114, 877, 1911, 454, 2088, 2020, 898, 50, 3031, 941]"
credit_default,G-CTGAN,LGBM,0,5,66.07302904129028,0.13300013542175293,37384,0.5,0.793235495492243,0.5576484863452845,0.4792270531400966,0.6684636118598383,0.37349397590361444,10,"[442, 348, 758, 180, 828, 801, 356, 20, 1202, 373]","[1114, 877, 1911, 454, 2088, 2020, 898, 50, 3031, 941]"
credit_default,G-CTGAN,MLP,0,5,66.07302904129028,48.36468291282654,37384,0.5,0.7114200595188974,0.41437885646279704,0.458051689860835,0.485256950294861,0.43373493975903615,10,"[442, 348, 758, 180, 828, 801, 356, 20, 1202, 373]","[1114, 877, 1911, 454, 2088, 2020, 898, 50, 3031, 941]"
credit_default,G-CTGAN,RF,1,5,56.91852331161499,0.8379988670349121,37382,0.5,0.770947470203131,0.5447873640684862,0.4835164835164835,0.660574412532637,0.3813112283345893,10,"[641, 203, 597, 569, 340, 299, 1307, 523, 338, 492]","[1616, 512, 1505, 1434, 857, 754, 3294, 1318, 852, 1240]"
credit_default,G-CTGAN,LGBM,1,5,56.91852331161499,0.13700032234191895,37382,0.5,0.7793503735080602,0.5527733378549516,0.4794983116256633,0.6662198391420912,0.37452901281085155,10,"[641, 203, 597, 569, 340, 299, 1307, 523, 338, 492]","[1616, 512, 1505, 1434, 857, 754, 3294, 1318, 852, 1240]"
credit_default,G-CTGAN,MLP,1,5,56.91852331161499,48.45100021362305,37382,0.5,0.6829562990006082,0.37659380085170524,0.40940632228218965,0.4191002367797948,0.40015071590052753,10,"[641, 203, 597, 569, 340, 299, 1307, 523, 338, 492]","[1616, 512, 1505, 1434, 857, 754, 3294, 1318, 852, 1240]"
credit_default,G-CTGAN,RF,2,5,52.03962588310242,0.8399991989135742,37382,0.5,0.7711825102470202,0.5484618050432064,0.47053140096618357,0.6554508748317631,0.36699321778447624,10,"[269, 167, 384, 734, 923, 249, 355, 722, 986, 520]","[678, 421, 968, 1850, 2327, 628, 895, 1820, 2484, 1311]"
credit_default,G-CTGAN,LGBM,2,5,52.03962588310242,0.15700054168701172,37382,0.5,0.7829645878913498,0.5496754938620404,0.4684596577017115,0.6671309192200557,0.36096458176337604,10,"[269, 167, 384, 734, 923, 249, 355, 722, 986, 520]","[678, 421, 968, 1850, 2327, 628, 895, 1820, 2484, 1311]"
credit_default,G-CTGAN,MLP,2,5,52.03962588310242,50.32095766067505,37382,0.5,0.6848989472947495,0.37912814312200416,0.4026079869600652,0.4383318544809228,0.37226827430293896,10,"[269, 167, 384, 734, 923, 249, 355, 722, 986, 520]","[678, 421, 968, 1850, 2327, 628, 895, 1820, 2484, 1311]"
credit_default,G-CTGAN,RF,3,5,57.44324541091919,0.8209993839263916,37382,0.5,0.7720584879611925,0.557981215057983,0.49513618677042803,0.6982167352537723,0.3835719668425019,10,"[390, 611, 124, 262, 818, 253, 1043, 666, 713, 429]","[983, 1540, 313, 660, 2062, 638, 2629, 1679, 1797, 1081]"
credit_default,G-CTGAN,LGBM,3,5,57.44324541091919,0.13300085067749023,37382,0.5,0.7827751851252792,0.5645501102211954,0.4889543446244477,0.7014084507042253,0.3752825923134891,10,"[390, 611, 124, 262, 818, 253, 1043, 666, 713, 429]","[983, 1540, 313, 660, 2062, 638, 2629, 1679, 1797, 1081]"
credit_default,G-CTGAN,MLP,3,5,57.44324541091919,58.92828631401062,37382,0.5,0.7140237549287857,0.4208420485155603,0.4349245206038352,0.47419928825622776,0.40165787490580257,10,"[390, 611, 124, 262, 818, 253, 1043, 666, 713, 429]","[983, 1540, 313, 660, 2062, 638, 2629, 1679, 1797, 1081]"
credit_default,G-CTGAN,RF,4,5,54.71184515953064,0.8530011177062988,37382,0.5,0.7648819857085979,0.5500721128137482,0.4780114722753346,0.6535947712418301,0.37678975131876413,10,"[896, 445, 488, 316, 1324, 731, 347, 140, 366, 256]","[2258, 1122, 1230, 797, 3336, 1843, 875, 353, 923, 645]"
credit_default,G-CTGAN,LGBM,4,5,54.71184515953064,0.13899946212768555,37382,0.5,0.7798294842939227,0.5607136289178744,0.4730127576054956,0.6779184247538678,0.3632253202712886,10,"[896, 445, 488, 316, 1324, 731, 347, 140, 366, 256]","[2258, 1122, 1230, 797, 3336, 1843, 875, 353, 923, 645]"
credit_default,G-CTGAN,MLP,4,5,54.71184515953064,50.269190549850464,37382,0.5,0.6904266214658726,0.4019073726322746,0.4349146110056926,0.4380733944954128,0.43180105501130367,10,"[896, 445, 488, 316, 1324, 731, 347, 140, 366, 256]","[2258, 1122, 1230, 797, 3336, 1843, 875, 353, 923, 645]"
ibm_attrition,G-CTGAN,RF,0,5,37.367114543914795,0.23898887634277344,1974,0.5,0.7820968834688347,0.477350992917032,0.21052631578947367,0.6666666666666666,0.125,7,"[32, 30, 24, 21, 13, 46, 23]","[135, 127, 101, 89, 55, 194, 97]"
ibm_attrition,G-CTGAN,LGBM,0,5,37.367114543914795,0.07700061798095703,1974,0.5,0.7670223577235772,0.4498319992586312,0.3380281690140845,0.5217391304347826,0.25,7,"[32, 30, 24, 21, 13, 46, 23]","[135, 127, 101, 89, 55, 194, 97]"
ibm_attrition,G-CTGAN,MLP,0,5,37.367114543914795,0.8355391025543213,1974,0.5,0.7470359078590786,0.4336015061437124,0.425531914893617,0.43478260869565216,0.4166666666666667,7,"[32, 30, 24, 21, 13, 46, 23]","[135, 127, 101, 89, 55, 194, 97]"
ibm_attrition,G-CTGAN,RF,1,5,26.918291807174683,0.24718308448791504,1974,0.5,0.8022527100271002,0.49250649000462526,0.3050847457627119,0.8181818181818182,0.1875,5,"[47, 43, 24, 27, 48]","[198, 182, 101, 114, 203]"
ibm_attrition,G-CTGAN,LGBM,1,5,26.918291807174683,0.08600139617919922,1974,0.5,0.8065718157181572,0.5676119963643362,0.4266666666666667,0.5925925925925926,0.3333333333333333,5,"[47, 43, 24, 27, 48]","[198, 182, 101, 114, 203]"
ibm_attrition,G-CTGAN,MLP,1,5,26.918291807174683,0.9639723300933838,1974,0.5,0.7660060975609756,0.4862826336190158,0.4742268041237113,0.46938775510204084,0.4791666666666667,5,"[47, 43, 24, 27, 48]","[198, 182, 101, 114, 203]"
ibm_attrition,G-CTGAN,RF,2,5,21.544021368026733,0.24566960334777832,1972,0.5,0.8294426737875786,0.6496673624205783,0.12,1.0,0.06382978723404255,4,"[13, 107, 26, 44]","[54, 449, 109, 184]"
ibm_attrition,G-CTGAN,LGBM,2,5,21.544021368026733,0.07495784759521484,1972,0.5,0.8251356706003964,0.5676781413534304,0.3880597014925373,0.65,0.2765957446808511,4,"[13, 107, 26, 44]","[54, 449, 109, 184]"
ibm_attrition,G-CTGAN,MLP,2,5,21.544021368026733,0.8800003528594971,1972,0.5,0.7900766646567318,0.5070973843297857,0.39080459770114945,0.425,0.3617021276595745,4,"[13, 107, 26, 44]","[54, 449, 109, 184]"
ibm_attrition,G-CTGAN,RF,3,5,17.022000074386597,0.23799991607666016,1972,0.5,0.8208286674132138,0.6743999808535523,0.19230769230769232,1.0,0.10638297872340426,3,"[70, 48, 72]","[293, 201, 302]"
ibm_attrition,G-CTGAN,LGBM,3,5,17.022000074386597,0.06699943542480469,1972,0.5,0.8297872340425532,0.6300152367218462,0.48484848484848486,0.8421052631578947,0.3404255319148936,3,"[70, 48, 72]","[293, 201, 302]"
ibm_attrition,G-CTGAN,MLP,3,5,17.022000074386597,0.9326872825622559,1972,0.5,0.7606167628564046,0.5101506789399153,0.47191011235955055,0.5,0.44680851063829785,3,"[70, 48, 72]","[293, 201, 302]"
ibm_attrition,G-CTGAN,RF,4,5,16.300009727478027,0.24964022636413574,1972,0.5,0.7749160134378499,0.5116354913767915,0.18867924528301888,0.8333333333333334,0.10638297872340426,3,"[58, 104, 28]","[243, 436, 117]"
ibm_attrition,G-CTGAN,LGBM,4,5,16.300009727478027,0.069000244140625,1972,0.5,0.7935222672064778,0.5379151522691037,0.3880597014925373,0.65,0.2765957446808511,3,"[58, 104, 28]","[243, 436, 117]"
ibm_attrition,G-CTGAN,MLP,4,5,16.300009727478027,0.8660004138946533,1972,0.5,0.7134120079248858,0.5030686378633689,0.45161290322580644,0.45652173913043476,0.44680851063829785,3,"[58, 104, 28]","[243, 436, 117]"
ecoli,G-CTGAN,RF,0,4,3.6679975986480713,0.2520110607147217,443,0.49209932279909707,0.9638157894736843,0.734375,0.5,0.75,0.375,3,"[19, 1, 7]","[140, 7, 51]"
ecoli,G-CTGAN,LGBM,0,4,3.6679975986480713,0.0410001277923584,443,0.49209932279909707,0.9539473684210527,0.681397604588394,0.46153846153846156,0.6,0.375,3,"[19, 1, 7]","[140, 7, 51]"
ecoli,G-CTGAN,MLP,0,4,3.6679975986480713,0.6039998531341553,443,0.49209932279909707,0.9654605263157895,0.6104978354978354,0.64,0.47058823529411764,1.0,3,"[19, 1, 7]","[140, 7, 51]"
ecoli,G-CTGAN,RF,1,4,3.659001588821411,0.22999858856201172,444,0.49099099099099097,0.965925925925926,0.7134411340293692,0.8,0.7272727272727273,0.8888888888888888,3,"[17, 1, 8]","[130, 8, 62]"
ecoli,G-CTGAN,LGBM,1,4,3.659001588821411,0.0409998893737793,444,0.49099099099099097,0.96,0.6650673400673401,0.8,0.7272727272727273,0.8888888888888888,3,"[17, 1, 8]","[130, 8, 62]"
ecoli,G-CTGAN,MLP,1,4,3.659001588821411,0.5850009918212891,444,0.49099099099099097,0.9481481481481482,0.5357034396250082,0.7272727272727273,0.6153846153846154,0.8888888888888888,3,"[17, 1, 8]","[130, 8, 62]"
ecoli,G-CTGAN,RF,2,4,3.9160006046295166,0.22999906539916992,444,0.49099099099099097,0.9525925925925924,0.6462267670601003,0.4,0.5,0.3333333333333333,3,"[4, 1, 21]","[31, 8, 161]"
ecoli,G-CTGAN,LGBM,2,4,3.9160006046295166,0.03396105766296387,444,0.49099099099099097,0.9244444444444444,0.49531908723085194,0.4,0.5,0.3333333333333333,3,"[4, 1, 21]","[31, 8, 161]"
ecoli,G-CTGAN,MLP,2,4,3.9160006046295166,0.6110000610351562,444,0.49099099099099097,0.9274074074074075,0.5585056918390252,0.64,0.5,0.8888888888888888,3,"[4, 1, 21]","[31, 8, 161]"
ecoli,G-CTGAN,RF,3,4,3.7240426540374756,0.2522318363189697,452,0.5,0.9274074074074073,0.7093881427214761,0.5333333333333333,0.6666666666666666,0.4444444444444444,2,"[8, 18]","[62, 138]"
ecoli,G-CTGAN,LGBM,3,4,3.7240426540374756,0.04699873924255371,452,0.5,0.9259259259259259,0.7177563603394805,0.6666666666666666,0.8333333333333334,0.5555555555555556,2,"[8, 18]","[62, 138]"
ecoli,G-CTGAN,MLP,3,4,3.7240426540374756,0.6440010070800781,452,0.5,0.8133333333333332,0.5179211127291492,0.48,0.375,0.6666666666666666,2,"[8, 18]","[62, 138]"
wine_quality,G-CTGAN,RF,0,5,5.606091260910034,0.3359999656677246,7544,0.5,0.8454042589779599,0.186290586088782,0.16393442622950818,0.20833333333333334,0.13513513513513514,2,"[58, 88]","[1440, 2186]"
wine_quality,G-CTGAN,LGBM,0,5,5.606091260910034,0.08100128173828125,7544,0.5,0.8749820870711644,0.25086225699817905,0.2857142857142857,0.42105263157894735,0.21621621621621623,2,"[58, 88]","[1440, 2186]"
wine_quality,G-CTGAN,MLP,0,5,5.606091260910034,6.022319793701172,7544,0.5,0.8595912986156888,0.2926849299083481,0.33766233766233766,0.325,0.35135135135135137,2,"[58, 88]","[1440, 2186]"
wine_quality,G-CTGAN,RF,1,5,5.292158365249634,0.3320004940032959,7544,0.5,0.8288097217047377,0.21105045592284274,0.2972972972972973,0.2972972972972973,0.2972972972972973,2,"[101, 45]","[2508, 1118]"
wine_quality,G-CTGAN,LGBM,1,5,5.292158365249634,0.07900023460388184,7544,0.5,0.859247370382047,0.25155685387347704,0.3611111111111111,0.37142857142857144,0.35135135135135137,2,"[101, 45]","[2508, 1118]"
wine_quality,G-CTGAN,MLP,1,5,5.292158365249634,5.409978866577148,7544,0.5,0.8449456879997707,0.3828710178226801,0.45652173913043476,0.38181818181818183,0.5675675675675675,2,"[101, 45]","[2508, 1118]"
wine_quality,G-CTGAN,RF,2,5,5.64455771446228,0.34000062942504883,7544,0.5,0.8380384626407956,0.17582036974142828,0.14035087719298245,0.2,0.10810810810810811,2,"[53, 93]","[1316, 2310]"
wine_quality,G-CTGAN,LGBM,2,5,5.64455771446228,0.08300042152404785,7544,0.5,0.8718007509099769,0.20404494015634242,0.19672131147540983,0.25,0.16216216216216217,2,"[53, 93]","[1316, 2310]"
wine_quality,G-CTGAN,MLP,2,5,5.64455771446228,7.004084825515747,7544,0.5,0.736264366168926,0.23467656545394874,0.3,0.391304347826087,0.24324324324324326,2,"[53, 93]","[1316, 2310]"
wine_quality,G-CTGAN,RF,3,5,5.058014869689941,0.34199976921081543,7544,0.5,0.7999882172734771,0.1947443087134105,0.1724137931034483,0.22727272727272727,0.1388888888888889,2,"[39, 108]","[962, 2663]"
wine_quality,G-CTGAN,LGBM,3,5,5.058014869689941,0.07100129127502441,7544,0.5,0.8199304819135148,0.19154012853091634,0.20689655172413793,0.2727272727272727,0.16666666666666666,2,"[39, 108]","[962, 2663]"
wine_quality,G-CTGAN,MLP,3,5,5.058014869689941,7.522086143493652,7544,0.5,0.7716507599858606,0.22147257031885484,0.325,0.29545454545454547,0.3611111111111111,2,"[39, 108]","[962, 2663]"
wine_quality,G-CTGAN,RF,4,5,5.534999847412109,0.3319995403289795,7544,0.5,0.786644279486273,0.2651992957645548,0.3333333333333333,0.3333333333333333,0.3333333333333333,2,"[107, 40]","[2639, 986]"
wine_quality,G-CTGAN,LGBM,4,5,5.534999847412109,0.07899951934814453,7544,0.5,0.8272063155414162,0.22695489064280228,0.2972972972972973,0.2894736842105263,0.3055555555555556,2,"[107, 40]","[2639, 986]"
wine_quality,G-CTGAN,MLP,4,5,5.534999847412109,7.2943267822265625,7544,0.5,0.799575821845175,0.25531375619344043,0.37333333333333335,0.358974358974359,0.3888888888888889,2,"[107, 40]","[2639, 986]"
yeast_me2,G-CTGAN,RF,0,5,4.125999689102173,0.26200056076049805,2292,0.5,0.9644599303135889,0.40242248062015507,0.0,0.0,0.0,2,"[36, 5]","[970, 135]"
yeast_me2,G-CTGAN,LGBM,0,5,4.125999689102173,0.07200050354003906,2292,0.5,0.9616724738675958,0.47567180862955505,0.2857142857142857,0.5,0.2,2,"[36, 5]","[970, 135]"
yeast_me2,G-CTGAN,MLP,0,5,4.125999689102173,2.081043243408203,2292,0.5,0.9445993031358885,0.38529697233087057,0.4666666666666667,0.35,0.7,2,"[36, 5]","[970, 135]"
yeast_me2,G-CTGAN,RF,1,5,2.180002212524414,0.27899765968322754,2265,0.49403973509933774,0.8641114982578398,0.17159290422857842,0.125,0.16666666666666666,0.1,2,"[40, 1]","[1078, 27]"
yeast_me2,G-CTGAN,LGBM,1,5,2.180002212524414,0.05800127983093262,2265,0.49403973509933774,0.9222996515679442,0.19785865782111087,0.0,0.0,0.0,2,"[40, 1]","[1078, 27]"
yeast_me2,G-CTGAN,MLP,1,5,2.180002212524414,2.8397388458251953,2265,0.49403973509933774,0.8777003484320558,0.18398567429190665,0.24,0.2,0.3,2,"[40, 1]","[1078, 27]"
yeast_me2,G-CTGAN,RF,2,5,2.043998956680298,0.275007963180542,2265,0.49403973509933774,0.9536585365853658,0.6251886584593351,0.16666666666666666,0.5,0.1,2,"[40, 1]","[1078, 27]"
yeast_me2,G-CTGAN,LGBM,2,5,2.043998956680298,0.05700087547302246,2265,0.49403973509933774,0.9602787456445993,0.530584713793669,0.5882352941176471,0.7142857142857143,0.5,2,"[40, 1]","[1078, 27]"
yeast_me2,G-CTGAN,MLP,2,5,2.043998956680298,2.765000581741333,2265,0.49403973509933774,0.9585365853658537,0.6138409163910012,0.46153846153846156,0.375,0.6,2,"[40, 1]","[1078, 27]"
yeast_me2,G-CTGAN,RF,3,5,2.1289989948272705,0.29200053215026855,2266,0.49382171226831423,0.9437380801017163,0.5946873502443013,0.16666666666666666,1.0,0.09090909090909091,2,"[39, 1]","[1079, 28]"
yeast_me2,G-CTGAN,LGBM,3,5,2.1289989948272705,0.05500006675720215,2266,0.49382171226831423,0.9589955499046408,0.6467789158198812,0.5333333333333333,1.0,0.36363636363636365,2,"[39, 1]","[1079, 28]"
yeast_me2,G-CTGAN,MLP,3,5,2.1289989948272705,3.0190000534057617,2266,0.49382171226831423,0.8585505403687221,0.3301990718092327,0.23255813953488372,0.15625,0.45454545454545453,2,"[39, 1]","[1079, 28]"
yeast_me2,G-CTGAN,RF,4,5,13.209506750106812,0.2700004577636719,2294,0.5,0.9660839160839161,0.5153743095984475,0.3333333333333333,1.0,0.2,7,"[4, 12, 7, 3, 5, 4, 6]","[108, 323, 189, 81, 135, 108, 162]"
yeast_me2,G-CTGAN,LGBM,4,5,13.209506750106812,0.07299947738647461,2294,0.5,0.9423076923076923,0.42447039716027063,0.26666666666666666,0.4,0.2,7,"[4, 12, 7, 3, 5, 4, 6]","[108, 323, 189, 81, 135, 108, 162]"
yeast_me2,G-CTGAN,MLP,4,5,13.209506750106812,2.7456071376800537,2294,0.5,0.8520979020979021,0.44108851965905566,0.2978723404255319,0.1891891891891892,0.7,7,"[4, 12, 7, 3, 5, 4, 6]","[108, 323, 189, 81, 135, 108, 162]"
mammography,G-CTGAN,RF,0,5,12.096514701843262,0.40399885177612305,17476,0.5,0.9267778560112658,0.7102859813378537,0.6557377049180327,0.5714285714285714,0.7692307692307693,6,"[26, 11, 21, 24, 111, 15]","[1066, 451, 861, 984, 4553, 615]"
mammography,G-CTGAN,LGBM,0,5,12.096514701843262,0.06400203704833984,17476,0.5,0.9372029572258407,0.6964040885069417,0.6666666666666666,0.6129032258064516,0.7307692307692307,6,"[26, 11, 21, 24, 111, 15]","[1066, 451, 861, 984, 4553, 615]"
mammography,G-CTGAN,MLP,0,5,12.096514701843262,13.102418184280396,17476,0.5,0.941339552895617,0.7165146233561102,0.581081081081081,0.4479166666666667,0.8269230769230769,6,"[26, 11, 21, 24, 111, 15]","[1066, 451, 861, 984, 4553, 615]"
mammography,G-CTGAN,RF,1,5,13.64560079574585,0.4010004997253418,17435,0.4988242041869802,0.9446928357683506,0.6563237212527717,0.5555555555555556,0.47297297297297297,0.6730769230769231,8,"[38, 82, 10, 25, 1, 22, 20, 10]","[1558, 3364, 410, 1025, 41, 902, 820, 410]"
mammography,G-CTGAN,LGBM,1,5,13.64560079574585,0.07799959182739258,17435,0.4988242041869802,0.9471087836648477,0.6864917611574769,0.6371681415929203,0.5901639344262295,0.6923076923076923,8,"[38, 82, 10, 25, 1, 22, 20, 10]","[1558, 3364, 410, 1025, 41, 902, 820, 410]"
mammography,G-CTGAN,MLP,1,5,13.64560079574585,10.958701133728027,17435,0.4988242041869802,0.9500616088716776,0.7010381168042591,0.5735294117647058,0.4642857142857143,0.75,8,"[38, 82, 10, 25, 1, 22, 20, 10]","[1558, 3364, 410, 1025, 41, 902, 820, 410]"
mammography,G-CTGAN,RF,2,5,11.96112608909607,0.37599968910217285,17435,0.4988242041869802,0.93582995951417,0.5757299011322465,0.5210084033613446,0.4626865671641791,0.5961538461538461,7,"[24, 52, 74, 12, 19, 1, 26]","[984, 2132, 3036, 492, 779, 41, 1066]"
mammography,G-CTGAN,LGBM,2,5,11.96112608909607,0.0690004825592041,17435,0.4988242041869802,0.9371809540573843,0.5621761533801363,0.5825242718446602,0.5882352941176471,0.5769230769230769,7,"[24, 52, 74, 12, 19, 1, 26]","[984, 2132, 3036, 492, 779, 41, 1066]"
mammography,G-CTGAN,MLP,2,5,11.96112608909607,8.530821800231934,17435,0.4988242041869802,0.94261573666608,0.5526439853016117,0.5112781954887218,0.41975308641975306,0.6538461538461539,7,"[24, 52, 74, 12, 19, 1, 26]","[984, 2132, 3036, 492, 779, 41, 1066]"
mammography,G-CTGAN,RF,3,5,15.159000873565674,0.4089977741241455,17437,0.49882433904914836,0.9700179628064243,0.7442018078402751,0.624,0.5342465753424658,0.75,9,"[93, 5, 25, 18, 20, 16, 1, 17, 13]","[3816, 205, 1025, 738, 820, 656, 41, 697, 533]"
mammography,G-CTGAN,LGBM,3,5,15.159000873565674,0.09500002861022949,17437,0.49882433904914836,0.9741300366300366,0.7673688281364837,0.6724137931034483,0.609375,0.75,9,"[93, 5, 25, 18, 20, 16, 1, 17, 13]","[3816, 205, 1025, 738, 820, 656, 41, 697, 533]"
mammography,G-CTGAN,MLP,3,5,15.159000873565674,13.488098382949829,17437,0.49882433904914836,0.9790610030994645,0.7309569431742926,0.581081081081081,0.4479166666666667,0.8269230769230769,9,"[93, 5, 25, 18, 20, 16, 1, 17, 13]","[3816, 205, 1025, 738, 820, 656, 41, 697, 533]"
mammography,G-CTGAN,RF,4,5,15.322924852371216,0.40999650955200195,17478,0.5,0.9147559171597632,0.6466335577960777,0.6260869565217392,0.5714285714285714,0.6923076923076923,8,"[24, 24, 66, 3, 10, 44, 23, 14]","[984, 984, 2708, 123, 410, 1805, 943, 574]"
mammography,G-CTGAN,LGBM,4,5,15.322924852371216,0.06800007820129395,17478,0.5,0.9222756410256411,0.6549719979883281,0.6206896551724138,0.5625,0.6923076923076923,8,"[24, 24, 66, 3, 10, 44, 23, 14]","[984, 984, 2708, 123, 410, 1805, 943, 574]"
mammography,G-CTGAN,MLP,4,5,15.322924852371216,15.593708753585815,17478,0.5,0.9068443575655114,0.6480739217528443,0.543046357615894,0.41414141414141414,0.7884615384615384,8,"[24, 24, 66, 3, 10, 44, 23, 14]","[984, 984, 2708, 123, 410, 1805, 943, 574]"
protein_homo,G-CTGAN,RF,0,5,48.71492004394531,17.43256378173828,231128,0.5,0.9769202812693866,0.8070871421246858,0.8084210526315789,0.8930232558139535,0.7384615384615385,2,"[276, 760]","[30511, 84017]"
protein_homo,G-CTGAN,LGBM,0,5,48.71492004394531,0.8979997634887695,231128,0.5,0.986827545442685,0.8395755139840141,0.7926078028747433,0.8502202643171806,0.7423076923076923,2,"[276, 760]","[30511, 84017]"
protein_homo,G-CTGAN,MLP,0,5,48.71492004394531,58.50328779220581,231128,0.5,0.9858050018238312,0.8936591911953663,0.8441814595660749,0.8663967611336032,0.823076923076923,2,"[276, 760]","[30511, 84017]"
protein_homo,G-CTGAN,RF,1,5,40.385716676712036,17.078999757766724,231128,0.5,0.9613928346578653,0.770579538300585,0.7672413793103449,0.8682926829268293,0.6872586872586872,2,"[321, 716]","[35451, 79076]"
protein_homo,G-CTGAN,LGBM,1,5,40.385716676712036,0.8580005168914795,231128,0.5,0.983765501781493,0.821160386512071,0.7448559670781894,0.7973568281938326,0.6988416988416989,2,"[321, 716]","[35451, 79076]"
protein_homo,G-CTGAN,MLP,1,5,40.385716676712036,30.77892518043518,231128,0.5,0.9932117375265761,0.8924559362337681,0.8559837728194726,0.9017094017094017,0.8146718146718147,2,"[321, 716]","[35451, 79076]"
protein_homo,G-CTGAN,RF,2,5,36.57334876060486,17.086518049240112,231128,0.5,0.9769855918310454,0.8076482801591499,0.8088888888888889,0.9528795811518325,0.7027027027027027,2,"[999, 38]","[110330, 4197]"
protein_homo,G-CTGAN,LGBM,2,5,36.57334876060486,0.8500001430511475,231128,0.5,0.9842262269488742,0.8525657895654296,0.8389830508474576,0.9295774647887324,0.7644787644787645,2,"[999, 38]","[110330, 4197]"
protein_homo,G-CTGAN,MLP,2,5,36.57334876060486,34.33766722679138,231128,0.5,0.9960509271367325,0.8931772066245096,0.8343313373253493,0.8636363636363636,0.806949806949807,2,"[999, 38]","[110330, 4197]"
protein_homo,G-CTGAN,RF,3,5,40.320717096328735,17.239001274108887,231128,0.5,0.9694707266788538,0.800200202621774,0.8131868131868132,0.9438775510204082,0.7142857142857143,2,"[331, 706]","[36556, 77971]"
protein_homo,G-CTGAN,LGBM,3,5,40.320717096328735,0.8629992008209229,231128,0.5,0.97760975916803,0.8504199809773386,0.814968814968815,0.8828828828828829,0.7567567567567568,2,"[331, 706]","[36556, 77971]"
protein_homo,G-CTGAN,MLP,3,5,40.320717096328735,44.773017168045044,231128,0.5,0.9916060485095826,0.8935512507056415,0.8623481781376519,0.9063829787234042,0.8223938223938224,2,"[331, 706]","[36556, 77971]"
protein_homo,G-CTGAN,RF,4,5,40.319660902023315,17.274516820907593,231128,0.5,0.9763995119988336,0.8062336377528193,0.8165938864628821,0.9396984924623115,0.722007722007722,2,"[712, 325]","[78634, 35893]"
protein_homo,G-CTGAN,LGBM,4,5,40.319660902023315,0.8490004539489746,231128,0.5,0.9894669339652207,0.8309188847632741,0.7868852459016393,0.8384279475982532,0.7413127413127413,2,"[712, 325]","[78634, 35893]"
protein_homo,G-CTGAN,MLP,4,5,40.319660902023315,37.247398376464844,231128,0.5,0.9926177060924907,0.8918724174420367,0.8571428571428571,0.9571428571428572,0.7760617760617761,2,"[712, 325]","[78634, 35893]"
abalone_19,G-CTGAN,RF,0,4,9.943000555038452,0.30899977684020996,6216,0.5,0.7924300867888139,0.028836552083060962,0.0,0.0,0.0,5,"[5, 7, 7, 2, 3]","[642, 899, 900, 257, 386]"
abalone_19,G-CTGAN,LGBM,0,4,9.943000555038452,0.06299996376037598,6216,0.5,0.6862945998071359,0.09107043599307214,0.0,0.0,0.0,5,"[5, 7, 7, 2, 3]","[642, 899, 900, 257, 386]"
abalone_19,G-CTGAN,MLP,0,4,9.943000555038452,3.886232852935791,6216,0.5,0.7414416586306654,0.044741790077155924,0.06896551724137931,0.04,0.25,5,"[5, 7, 7, 2, 3]","[642, 899, 900, 257, 386]"
abalone_19,G-CTGAN,RF,1,4,10.318999767303467,0.3000006675720215,6218,0.5,0.684604247104247,0.016512939429611663,0.0,0.0,0.0,5,"[5, 5, 7, 3, 4]","[643, 643, 899, 386, 514]"
abalone_19,G-CTGAN,LGBM,1,4,10.318999767303467,0.06400203704833984,6218,0.5,0.677425193050193,0.019113861897798533,0.0,0.0,0.0,5,"[5, 5, 7, 3, 4]","[643, 643, 899, 386, 514]"
abalone_19,G-CTGAN,MLP,1,4,10.318999767303467,4.843411445617676,6218,0.5,0.6865347490347491,0.017891167036769667,0.0,0.0,0.0,5,"[5, 5, 7, 3, 4]","[643, 643, 899, 386, 514]"
abalone_19,G-CTGAN,RF,2,4,9.821000099182129,0.30299997329711914,6218,0.5,0.752895752895753,0.020946507306510945,0.0,0.0,0.0,5,"[8, 8, 4, 2, 2]","[1029, 1028, 514, 257, 257]"
abalone_19,G-CTGAN,LGBM,2,4,9.821000099182129,0.06700015068054199,6218,0.5,0.6737451737451737,0.14213970297059808,0.0,0.0,0.0,5,"[8, 8, 4, 2, 2]","[1029, 1028, 514, 257, 257]"
abalone_19,G-CTGAN,MLP,2,4,9.821000099182129,5.858008623123169,6218,0.5,0.8318050193050194,0.029423093871622237,0.0,0.0,0.0,5,"[8, 8, 4, 2, 2]","[1029, 1028, 514, 257, 257]"
abalone_19,G-CTGAN,RF,3,4,10.250999927520752,0.29799962043762207,6218,0.5,0.7080115830115831,0.017858449738678877,0.0,0.0,0.0,5,"[5, 9, 4, 4, 2]","[643, 1157, 514, 514, 257]"
abalone_19,G-CTGAN,LGBM,3,4,10.250999927520752,0.0670003890991211,6218,0.5,0.6994449806949807,0.14000691011760846,0.0,0.0,0.0,5,"[5, 9, 4, 4, 2]","[643, 1157, 514, 514, 257]"
abalone_19,G-CTGAN,MLP,3,4,10.250999927520752,4.729027271270752,6218,0.5,0.7737693050193051,0.01889555189189854,0.0,0.0,0.0,5,"[5, 9, 4, 4, 2]","[643, 1157, 514, 514, 257]"
pageblocks,G-CTGAN,RF,0,3,8.175967454910278,0.3150010108947754,7260,0.5,0.9996694214876033,0.9476301476301475,0.6060606060606061,0.43478260869565216,1.0,4,"[3, 3, 8, 4]","[602, 602, 1605, 803]"
pageblocks,G-CTGAN,LGBM,0,3,8.175967454910278,0.0709989070892334,7260,0.5,0.9997796143250688,0.9669230769230769,0.8,0.6666666666666666,1.0,4,"[3, 3, 8, 4]","[602, 602, 1605, 803]"
pageblocks,G-CTGAN,MLP,0,3,8.175967454910278,2.813748598098755,7260,0.5,0.9964187327823691,0.4536131996658313,0.6,0.45,0.9,4,"[3, 3, 8, 4]","[602, 602, 1605, 803]"
pageblocks,G-CTGAN,RF,1,3,9.988999366760254,0.323000431060791,7070,0.48656294200848654,0.9988980716253443,0.6731922398589065,0.75,0.6,1.0,6,"[2, 7, 2, 1, 2, 5]","[380, 1331, 380, 190, 380, 950]"
pageblocks,G-CTGAN,LGBM,1,3,9.988999366760254,0.0710000991821289,7070,0.48656294200848654,0.998561371288644,0.6193001443001442,0.75,0.6,1.0,6,"[2, 7, 2, 1, 2, 5]","[380, 1331, 380, 190, 380, 950]"
pageblocks,G-CTGAN,MLP,1,3,9.988999366760254,2.3410022258758545,7070,0.48656294200848654,0.9996939087848179,0.9282627865961202,0.782608695652174,0.6428571428571429,1.0,6,"[2, 7, 2, 1, 2, 5]","[380, 1331, 380, 190, 380, 950]"
pageblocks,G-CTGAN,RF,2,3,8.167999982833862,0.3080000877380371,7260,0.5,0.9996939087848179,0.9459876543209877,0.8421052631578947,0.8,0.8888888888888888,4,"[2, 4, 9, 4]","[380, 760, 1711, 760]"
pageblocks,G-CTGAN,LGBM,2,3,8.167999982833862,0.07300090789794922,7260,0.5,0.9997551270278543,0.9535634118967451,0.8571428571428571,0.75,1.0,4,"[2, 4, 9, 4]","[380, 760, 1711, 760]"
pageblocks,G-CTGAN,MLP,2,3,8.167999982833862,1.9590845108032227,7260,0.5,0.99828588919498,0.8287037037037037,0.75,0.8571428571428571,0.6666666666666666,4,"[2, 4, 9, 4]","[380, 760, 1711, 760]"
fraud_detection,G-CTGAN,RF,0,5,33.167216062545776,32.523658752441406,454904,0.5,0.9601079113239919,0.7787021630114623,0.7619047619047619,0.7207207207207207,0.8080808080808081,7,"[267, 12, 55, 35, 4, 15, 5]","[154261, 6933, 31777, 20222, 2311, 8666, 2889]"
fraud_detection,G-CTGAN,LGBM,0,5,33.167216062545776,0.6697535514831543,454904,0.5,0.9653067438182539,0.7128962342004427,0.7247706422018348,0.6638655462184874,0.797979797979798,7,"[267, 12, 55, 35, 4, 15, 5]","[154261, 6933, 31777, 20222, 2311, 8666, 2889]"
fraud_detection,G-CTGAN,MLP,0,5,33.167216062545776,38.03476858139038,454904,0.5,0.9691455824090403,0.8160601684767711,0.8393782383419689,0.8617021276595744,0.8181818181818182,7,"[267, 12, 55, 35, 4, 15, 5]","[154261, 6933, 31777, 20222, 2311, 8666, 2889]"
fraud_detection,G-CTGAN,RF,1,5,19.24810290336609,33.70199990272522,454904,0.5,0.9678488275115255,0.8663212449785271,0.8472906403940886,0.8269230769230769,0.8686868686868687,3,"[42, 84, 267]","[24266, 48532, 154261]"
fraud_detection,G-CTGAN,LGBM,1,5,19.24810290336609,0.6730012893676758,454904,0.5,0.9682549960146992,0.8435689834644396,0.7981220657276995,0.7456140350877193,0.8585858585858586,3,"[42, 84, 267]","[24266, 48532, 154261]"
fraud_detection,G-CTGAN,MLP,1,5,19.24810290336609,31.963457584381104,454904,0.5,0.9720810446941676,0.8860671327204316,0.8938547486033519,1.0,0.8080808080808081,3,"[42, 84, 267]","[24266, 48532, 154261]"
fraud_detection,G-CTGAN,RF,2,5,22.9459969997406,34.27729845046997,454904,0.5,0.9730782399659474,0.8266183283114695,0.8350515463917526,0.84375,0.826530612244898,4,"[66, 242, 75, 11]","[38035, 139462, 43222, 6339]"
fraud_detection,G-CTGAN,LGBM,2,5,22.9459969997406,0.6629993915557861,454904,0.5,0.9627564389454497,0.8111710286287349,0.8137254901960784,0.7830188679245284,0.8469387755102041,4,"[66, 242, 75, 11]","[38035, 139462, 43222, 6339]"
fraud_detection,G-CTGAN,MLP,2,5,22.9459969997406,35.72108507156372,454904,0.5,0.977859244219996,0.8608698316095227,0.8631578947368421,0.8913043478260869,0.8367346938775511,4,"[66, 242, 75, 11]","[38035, 139462, 43222, 6339]"
fraud_detection,G-CTGAN,RF,3,5,37.34705710411072,33.201000690460205,454904,0.5,0.9672039348423188,0.8202521460472227,0.7410714285714286,0.6587301587301587,0.8469387755102041,8,"[129, 14, 20, 75, 51, 4, 49, 52]","[74341, 8068, 11526, 43222, 29391, 2305, 28238, 29967]"
fraud_detection,G-CTGAN,LGBM,3,5,37.34705710411072,0.6570003032684326,454904,0.5,0.9643621601076989,0.7775039555563449,0.7685185185185185,0.7033898305084746,0.8469387755102041,8,"[129, 14, 20, 75, 51, 4, 49, 52]","[74341, 8068, 11526, 43222, 29391, 2305, 28238, 29967]"
fraud_detection,G-CTGAN,MLP,3,5,37.34705710411072,46.09532642364502,454904,0.5,0.9658348188826206,0.8236956110796679,0.8131868131868132,0.8809523809523809,0.7551020408163265,8,"[129, 14, 20, 75, 51, 4, 49, 52]","[74341, 8068, 11526, 43222, 29391, 2305, 28238, 29967]"
fraud_detection,G-CTGAN,RF,4,5,22.79508137702942,34.13572311401367,454904,0.5,0.9591293000326239,0.7928108521088962,0.7884615384615384,0.7454545454545455,0.8367346938775511,4,"[256, 51, 17, 70]","[147530, 29391, 9797, 40340]"
fraud_detection,G-CTGAN,LGBM,4,5,22.79508137702942,0.6479988098144531,454904,0.5,0.9584134728403786,0.7919076951533193,0.7884615384615384,0.7454545454545455,0.8367346938775511,4,"[256, 51, 17, 70]","[147530, 29391, 9797, 40340]"
fraud_detection,G-CTGAN,MLP,4,5,22.79508137702942,47.75554013252258,454904,0.5,0.9613498178759043,0.7941557902064719,0.8085106382978723,0.8444444444444444,0.7755102040816326,4,"[256, 51, 17, 70]","[147530, 29391, 9797, 40340]"
